{
  "user": [
    {
      "connAdd": "[::1]:53070",
      "direction": 4,
      "listPokemon": [
        [
          {
            "ev": 0.6401586908437715,
            "exp": 0,
            "id": 731,
            "lv": 4,
            "uid": "3e223b0f-58d5-428f-a264-c0a491cf3ca7"
          },
          {
            "ev": 0.5810928153673512,
            "exp": 0,
            "id": 832,
            "lv": 3,
            "uid": "1b19156e-bd47-44f4-9f3b-e2badd11e495"
          },
          {
            "ev": 0.7274975872899799,
            "exp": 0,
            "id": 44,
            "lv": 1,
            "uid": "9ccb5f4c-9bc1-4cd5-8ab7-944d405cc317"
          }
        ]
      ],
      "maxValue": "",
      "positionX": 5,
      "positionY": 29,
      "spaceLeft": "",
      "uID": "f3d3c93d-958a-40bd-be49-a704476bf9ff"
    }
  ]
}