{
  "user": [
    {
      "connAdd": "[::1]:52435",
      "direction": 4,
      "listPokemon": [
        [
          {
            "ev": 0.7966734429825753,
            "exp": 0,
            "id": 147,
            "lv": 5,
            "uid": "1d1d6d97-fb2f-48a9-8074-88e346d3e110"
          },
          {
            "ev": 0.7234251192553169,
            "exp": 0,
            "id": 211,
            "lv": 4,
            "uid": "f4f9fea3-ba3a-4ace-963c-960fa70e1be9"
          },
          {
            "ev": 0.5240082549366438,
            "exp": 0,
            "id": 184,
            "lv": 2,
            "uid": "6ca71de6-e223-4f53-844f-a34c228607de"
          }
        ]
      ],
      "maxValue": "",
      "positionX": 93,
      "positionY": 26,
      "spaceLeft": "",
      "uID": "f9995c84-113d-4043-bc20-0f6d9549d0ed"
    }
  ]
}