{
  "user": [
    {
      "connAdd": "[::1]:55227",
      "direction": 1,
      "listPokemon": [
        [
          {
            "ev": 0.9011897255158308,
            "exp": 0,
            "id": 554,
            "lv": 4,
            "uid": "83bd869b-017b-48ac-a940-bd0728e95e40"
          },
          {
            "ev": 0.577946547419063,
            "exp": 0,
            "id": 190,
            "lv": 4,
            "uid": "b8c1dafd-f1d7-4d4e-98f6-5b2a1910cab8"
          },
          {
            "ev": 0.646957371668748,
            "exp": 0,
            "id": 191,
            "lv": 3,
            "uid": "7b570dd6-3290-42c2-9d46-fcd71e71c486"
          }
        ]
      ],
      "maxValue": "",
      "positionX": 17,
      "positionY": 4,
      "spaceLeft": "",
      "uID": "4e958073-e384-4a15-8831-08bb6d9b46ba"
    }
  ]
}