{
  "user": [
    {
      "connAdd": "[::1]:52920",
      "direction": 2,
      "listPokemon": [
        [
          {
            "ev": 0.5430193541298362,
            "exp": 0,
            "id": 63,
            "lv": 4,
            "uid": "2280f1ac-a170-44bb-895c-2172b5dfb30f"
          },
          {
            "ev": 0.5058137545670685,
            "exp": 0,
            "id": 202,
            "lv": 1,
            "uid": "9124a9a2-92c8-4db4-88d5-312f664a8fa4"
          },
          {
            "ev": 0.7661472491358385,
            "exp": 0,
            "id": 280,
            "lv": 5,
            "uid": "03d5795d-fa84-48f3-b9de-89bb5dcfa40f"
          }
        ]
      ],
      "maxValue": "",
      "positionX": 18,
      "positionY": 49,
      "spaceLeft": "",
      "uID": "c7219180-5888-4b06-9760-eef630a6cfa4"
    }
  ]
}